{"cameraMode":{"drawMode":0,"name":"Shaded","section":"Shading Mode"},"sceneLighting":true,"audioPlay":false,"sceneViewState":{"showFog":true,"showMaterialUpdate":false,"showSkybox":true,"showFlares":true,"showImageEffects":true,"showParticleSystems":true},"in2DMode":false,"pivot":{"x":37.01872634887695,"y":-1.8625496625900269,"z":-25.529369354248048},"rotation":{"x":-0.4018610417842865,"y":-0.26605677604675295,"z":0.12324681878089905,"w":-0.8674950003623962},"size":39.138572692871097,"orthographic":false}