{"cameraMode":{"drawMode":0,"name":"Shaded","section":"Shading Mode"},"sceneLighting":true,"audioPlay":false,"sceneViewState":{"showFog":true,"showMaterialUpdate":false,"showSkybox":true,"showFlares":true,"showImageEffects":true,"showParticleSystems":true},"in2DMode":false,"pivot":{"x":-1.3802270889282227,"y":1.6523799896240235,"z":-3.3409080505371095},"rotation":{"x":0.15034987032413484,"y":-0.41855230927467348,"z":0.07047681510448456,"w":0.8929513096809387},"size":3.8607678413391115,"orthographic":false}